{
  "id": "nn_lstm_scs_r3_p30s10l80%_hog_100/b34cd7070e008b6e95f71070a982b2bdc482c918/rec/rec_4bed9b98909cbd8508d27c989bafc7e7b9c9d852_e41.report",
  "timestamp": "2020-11-13T08:54:05Z",
  "accuracy": 0.8423645320197044,
  "loss": 0.43304869753373865,
  "correct": 342,
  "incorrect": 64,
  "total": 406,
  "confusion": {
    "B2": {
      "B2": 48,
      "B3": 0,
      "B4": 9,
      "UPS": 0,
      "VS": 0,
      "VSV": 1,
      "none": 0
    },
    "B3": {
      "B3": 31,
      "B2": 21,
      "B4": 5,
      "UPS": 0,
      "VS": 0,
      "VSV": 0,
      "none": 1
    },
    "B4": {
      "B4": 44,
      "B2": 11,
      "B3": 1,
      "UPS": 0,
      "VS": 0,
      "VSV": 0,
      "none": 2
    },
    "UPS": {
      "UPS": 53,
      "B2": 0,
      "B3": 0,
      "B4": 0,
      "VS": 0,
      "VSV": 0,
      "none": 5
    },
    "VS": {
      "VS": 55,
      "B2": 0,
      "B3": 0,
      "B4": 1,
      "UPS": 0,
      "VSV": 2,
      "none": 0
    },
    "VSV": {
      "VSV": 56,
      "B2": 0,
      "B3": 0,
      "B4": 0,
      "UPS": 0,
      "VS": 2,
      "none": 0
    },
    "none": {
      "none": 55,
      "B2": 2,
      "B3": 0,
      "B4": 1,
      "UPS": 0,
      "VS": 0,
      "VSV": 0
    }
  },
  "failed": [
    "simple_call_seq/audio/parts_pl30.0ms_s10.0ms_cl80%/sr500000_xpps4000_h512_wHam/hog/B2_C_TR_Jt5_16_07_10_034_000140_none.htk",
    "simple_call_seq/audio/parts_pl30.0ms_s10.0ms_cl80%/sr500000_xpps4000_h512_wHam/hog/B2_C_TR_Jt2_16_06_02_044_000080_B2.htk",
    "simple_call_seq/audio/parts_pl30.0ms_s10.0ms_cl80%/sr500000_xpps4000_h512_wHam/hog/B2_C_TR_Jt5_16_07_10_034_000920_B2.htk",
    "simple_call_seq/audio/parts_pl30.0ms_s10.0ms_cl80%/sr500000_xpps4000_h512_wHam/hog/C_TO_Jt1_16_06_20_029_475750_B2.htk",
    "simple_call_seq/audio/parts_pl30.0ms_s10.0ms_cl80%/sr500000_xpps4000_h512_wHam/hog/C_TO_Jt2_16_06_24_015_041350_B2.htk",
    "simple_call_seq/audio/parts_pl30.0ms_s10.0ms_cl80%/sr500000_xpps4000_h512_wHam/hog/C_TO_Jt2_16_06_20_018_051080_B4.htk",
    "simple_call_seq/audio/parts_pl30.0ms_s10.0ms_cl80%/sr500000_xpps4000_h512_wHam/hog/C_TO_Jt3_16_06_20_017_007140_B4.htk",
    "simple_call_seq/audio/parts_pl30.0ms_s10.0ms_cl80%/sr500000_xpps4000_h512_wHam/hog/C_TO_Jt3_16_07_11_009_337340_B4.htk",
    "simple_call_seq/audio/parts_pl30.0ms_s10.0ms_cl80%/sr500000_xpps4000_h512_wHam/hog/C_TR_Jt4_16_06_19_013_012200_B4.htk",
    "simple_call_seq/audio/parts_pl30.0ms_s10.0ms_cl80%/sr500000_xpps4000_h512_wHam/hog/C_TR_Jt7_16_07_10_009_014890_B4.htk",
    "simple_call_seq/audio/parts_pl30.0ms_s10.0ms_cl80%/sr500000_xpps4000_h512_wHam/hog/C_TO_Jt2_16_07_04_023_114660_B3.htk",
    "simple_call_seq/audio/parts_pl30.0ms_s10.0ms_cl80%/sr500000_xpps4000_h512_wHam/hog/C_TO_Jt2_16_07_06_015_122130_B3.htk",
    "simple_call_seq/audio/parts_pl30.0ms_s10.0ms_cl80%/sr500000_xpps4000_h512_wHam/hog/C_TO_Jt3_16_06_18_007_004310_B3.htk",
    "simple_call_seq/audio/parts_pl30.0ms_s10.0ms_cl80%/sr500000_xpps4000_h512_wHam/hog/C_TO_Jt3_16_06_20_017_010870_B3.htk",
    "simple_call_seq/audio/parts_pl30.0ms_s10.0ms_cl80%/sr500000_xpps4000_h512_wHam/hog/C_TO_Jt3_16_06_24_017_066400_B3.htk",
    "simple_call_seq/audio/parts_pl30.0ms_s10.0ms_cl80%/sr500000_xpps4000_h512_wHam/hog/C_TO_Jt3_16_07_11_009_297890_B3.htk",
    "simple_call_seq/audio/parts_pl30.0ms_s10.0ms_cl80%/sr500000_xpps4000_h512_wHam/hog/C_TO_Jt3_16_07_11_009_298650_B3.htk",
    "simple_call_seq/audio/parts_pl30.0ms_s10.0ms_cl80%/sr500000_xpps4000_h512_wHam/hog/C_TO_Jt3_16_07_11_009_298730_B3.htk",
    "simple_call_seq/audio/parts_pl30.0ms_s10.0ms_cl80%/sr500000_xpps4000_h512_wHam/hog/C_TR_Jt4_16_06_15_043_087090_B3.htk",
    "simple_call_seq/audio/parts_pl30.0ms_s10.0ms_cl80%/sr500000_xpps4000_h512_wHam/hog/C_TR_Jt4_16_06_23_057_154850_B3.htk",
    "simple_call_seq/audio/parts_pl30.0ms_s10.0ms_cl80%/sr500000_xpps4000_h512_wHam/hog/C_TR_Jt4_16_06_25_005_052090_B3.htk",
    "simple_call_seq/audio/parts_pl30.0ms_s10.0ms_cl80%/sr500000_xpps4000_h512_wHam/hog/C_TR_Jt5_16_06_19_071_116400_B3.htk",
    "simple_call_seq/audio/parts_pl30.0ms_s10.0ms_cl80%/sr500000_xpps4000_h512_wHam/hog/VSV_C_TO_Jt3_16_07_06_006_min199_000180_VSV.htk",
    "simple_call_seq/audio/parts_pl30.0ms_s10.0ms_cl80%/sr500000_xpps4000_h512_wHam/hog/VSV_C_TO_Jt2_16_07_23_010_min64_000230_VS.htk",
    "simple_call_seq/audio/parts_pl30.0ms_s10.0ms_cl80%/sr500000_xpps4000_h512_wHam/hog/VS_C_TO_Jt3_16_07_11_009_min16_000070_VS.htk",
    "simple_call_seq/audio/parts_pl30.0ms_s10.0ms_cl80%/sr500000_xpps4000_h512_wHam/hog/T_BCI_E1_Jt1_15_05_31_004_000110_UPS.htk",
    "simple_call_seq/audio/parts_pl30.0ms_s10.0ms_cl80%/sr500000_xpps4000_h512_wHam/hog/T_BCI_E1_Jt1_15_07_02_018_000320_UPS.htk",
    "simple_call_seq/audio/parts_pl30.0ms_s10.0ms_cl80%/sr500000_xpps4000_h512_wHam/hog/T_BCI_E1_Jt2_15_06_24_018_000700_UPS.htk",
    "simple_call_seq/audio/parts_pl30.0ms_s10.0ms_cl80%/sr500000_xpps4000_h512_wHam/hog/T_BCI_E3_Jt1_15_07_13_054_000300_UPS.htk",
    "simple_call_seq/audio/parts_pl30.0ms_s10.0ms_cl80%/sr500000_xpps4000_h512_wHam/hog/B2_C_TR_Jt2_16_06_02_044_000450_none.htk",
    "simple_call_seq/audio/parts_pl30.0ms_s10.0ms_cl80%/sr500000_xpps4000_h512_wHam/hog/B2_C_TR_Jt5_16_07_10_034_001950_none.htk",
    "simple_call_seq/audio/parts_pl30.0ms_s10.0ms_cl80%/sr500000_xpps4000_h512_wHam/hog/B2_C_TR_Jt5_16_07_10_034_000730_B2.htk",
    "simple_call_seq/audio/parts_pl30.0ms_s10.0ms_cl80%/sr500000_xpps4000_h512_wHam/hog/B2_C_TR_Jt5_16_07_10_034_000930_B2.htk",
    "simple_call_seq/audio/parts_pl30.0ms_s10.0ms_cl80%/sr500000_xpps4000_h512_wHam/hog/C_TO_Jt1_16_06_20_015_063440_B2.htk",
    "simple_call_seq/audio/parts_pl30.0ms_s10.0ms_cl80%/sr500000_xpps4000_h512_wHam/hog/C_TO_Jt1_16_06_20_029_475360_B2.htk",
    "simple_call_seq/audio/parts_pl30.0ms_s10.0ms_cl80%/sr500000_xpps4000_h512_wHam/hog/C_TO_Jt2_16_06_26_010_148700_B2.htk",
    "simple_call_seq/audio/parts_pl30.0ms_s10.0ms_cl80%/sr500000_xpps4000_h512_wHam/hog/C_TO_Jt2_16_06_26_010_148890_B2.htk",
    "simple_call_seq/audio/parts_pl30.0ms_s10.0ms_cl80%/sr500000_xpps4000_h512_wHam/hog/C_TO_Jt1_16_06_20_015_046210_B4.htk",
    "simple_call_seq/audio/parts_pl30.0ms_s10.0ms_cl80%/sr500000_xpps4000_h512_wHam/hog/C_TO_Jt2_16_06_20_018_051290_B4.htk",
    "simple_call_seq/audio/parts_pl30.0ms_s10.0ms_cl80%/sr500000_xpps4000_h512_wHam/hog/C_TO_Jt3_16_06_20_017_007150_B4.htk",
    "simple_call_seq/audio/parts_pl30.0ms_s10.0ms_cl80%/sr500000_xpps4000_h512_wHam/hog/C_TO_Jt3_16_07_09_018_037720_B4.htk",
    "simple_call_seq/audio/parts_pl30.0ms_s10.0ms_cl80%/sr500000_xpps4000_h512_wHam/hog/C_TR_Jt1_16_06_02_109_004550_B4.htk",
    "simple_call_seq/audio/parts_pl30.0ms_s10.0ms_cl80%/sr500000_xpps4000_h512_wHam/hog/C_TR_Jt1_16_06_02_109_004740_B4.htk",
    "simple_call_seq/audio/parts_pl30.0ms_s10.0ms_cl80%/sr500000_xpps4000_h512_wHam/hog/C_TR_Jt1_16_06_02_109_019360_B4.htk",
    "simple_call_seq/audio/parts_pl30.0ms_s10.0ms_cl80%/sr500000_xpps4000_h512_wHam/hog/C_TR_Jt7_16_06_17_023_009080_B4.htk",
    "simple_call_seq/audio/parts_pl30.0ms_s10.0ms_cl80%/sr500000_xpps4000_h512_wHam/hog/C_TR_Jt8_16_07_07_020_066620_B4.htk",
    "simple_call_seq/audio/parts_pl30.0ms_s10.0ms_cl80%/sr500000_xpps4000_h512_wHam/hog/C_TO_Jt2_16_06_26_010_081370_B3.htk",
    "simple_call_seq/audio/parts_pl30.0ms_s10.0ms_cl80%/sr500000_xpps4000_h512_wHam/hog/C_TO_Jt3_16_06_18_007_004320_B3.htk",
    "simple_call_seq/audio/parts_pl30.0ms_s10.0ms_cl80%/sr500000_xpps4000_h512_wHam/hog/C_TO_Jt3_16_06_20_017_007500_B3.htk",
    "simple_call_seq/audio/parts_pl30.0ms_s10.0ms_cl80%/sr500000_xpps4000_h512_wHam/hog/C_TO_Jt3_16_06_20_017_010880_B3.htk",
    "simple_call_seq/audio/parts_pl30.0ms_s10.0ms_cl80%/sr500000_xpps4000_h512_wHam/hog/C_TO_Jt3_16_06_24_017_066410_B3.htk",
    "simple_call_seq/audio/parts_pl30.0ms_s10.0ms_cl80%/sr500000_xpps4000_h512_wHam/hog/C_TO_Jt3_16_07_06_006_225090_B3.htk",
    "simple_call_seq/audio/parts_pl30.0ms_s10.0ms_cl80%/sr500000_xpps4000_h512_wHam/hog/C_TO_Jt3_16_07_11_009_297900_B3.htk",
